[
    {
        "id":1,
        "name":"MAharaja Hotel",
        "reviews_rating":4,
        "address":"Patna market"
    },
    {
        "id":2,
        "name":"Mharani Hotel",
        "reviews_rating":4,
        "address":"Kashi market"
    },
    {
        "id":3,
        "name":"Kamdev Hotel",
        "reviews_rating":4,
        "address":"Patna market"
    },
    {
        "id":4,
        "name":"Kamdevi Hotel",
        "reviews_rating":4,
        "address":"Kashi market"
    },
    {
        "id":5,
        "name":"Chutiya Hotel",
        "reviews_rating":5,
        "address":"Chutiya market"
    }
]